Trade number,Instrument,Account,Strategy,Market pos.,Qty,Entry price,Exit price,Entry time,Exit time,Entry name,Exit name,Profit,Cum. net profit,Commission,Clearing Fee,Exchange Fee,IP Fee,NFA Fee,MAE,MFE,ETD,Bars,
1,NQ DEC25,Backtest,LumiTradersLiquiditySweep,Short,1,22086.50,22025.50,1/2/2025 8:00:00 AM,1/2/2025 9:05:00 AM,LumiShort,Profit target,$1220.00,$1220.00,$0.00,$0.00,$0.00,$0.00,$0.00,$710.00,$1220.00,$0.00,14,
2,NQ DEC25,Backtest,LumiTradersLiquiditySweep,Long,1,21880.00,21930.75,1/3/2025 7:40:00 AM,1/3/2025 9:20:00 AM,LumiLong,Profit target,$1015.00,$2235.00,$0.00,$0.00,$0.00,$0.00,$0.00,$70.00,$1015.00,$0.00,21,
3,NQ DEC25,Backtest,LumiTradersLiquiditySweep,Short,1,22386.00,22316.75,1/6/2025 8:30:00 AM,1/6/2025 9:20:00 AM,LumiShort,Profit target,$1385.00,$3620.00,$0.00,$0.00,$0.00,$0.00,$0.00,$510.00,$1385.00,$0.00,11,
4,NQ DEC25,Backtest,LumiTradersLiquiditySweep,Short,1,22414.25,22435.25,1/7/2025 9:55:00 AM,1/7/2025 9:55:00 AM,LumiShort,Stop loss,($420.00),$3200.00,$0.00,$0.00,$0.00,$0.00,$0.00,$420.00,$0.00,$420.00,1,
5,NQ DEC25,Backtest,LumiTradersLiquiditySweep,Long,1,21961.75,21972.75,1/8/2025 8:05:00 PM,1/8/2025 8:10:00 PM,LumiLong,Sell,$220.00,$3420.00,$0.00,$0.00,$0.00,$0.00,$0.00,$115.00,$255.00,$35.00,2,
6,NQ DEC25,Backtest,LumiTradersLiquiditySweep,Long,1,21947.50,21957.00,1/9/2025 9:30:00 AM,1/9/2025 9:30:00 AM,LumiLong,Exit on session close,$190.00,$3610.00,$0.00,$0.00,$0.00,$0.00,$0.00,$0.00,$365.00,$175.00,1,
7,NQ DEC25,Backtest,LumiTradersLiquiditySweep,Long,1,21614.50,21589.75,1/10/2025 11:15:00 AM,1/10/2025 11:15:00 AM,LumiLong,Stop loss,($495.00),$3115.00,$0.00,$0.00,$0.00,$0.00,$0.00,$495.00,$0.00,$495.00,1,
8,NQ DEC25,Backtest,LumiTradersLiquiditySweep,Short,1,21682.50,21683.00,1/13/2025 9:00:00 PM,1/13/2025 9:05:00 PM,LumiShort,Buy to cover,($10.00),$3105.00,$0.00,$0.00,$0.00,$0.00,$0.00,$40.00,$65.00,$75.00,2,
9,NQ DEC25,Backtest,LumiTradersLiquiditySweep,Long,1,21539.75,21552.50,1/14/2025 1:15:00 PM,1/14/2025 1:20:00 PM,LumiLong,Profit target,$255.00,$3360.00,$0.00,$0.00,$0.00,$0.00,$0.00,$300.00,$255.00,$0.00,2,
10,NQ DEC25,Backtest,LumiTradersLiquiditySweep,Short,1,21643.25,21672.25,1/15/2025 7:40:00 AM,1/15/2025 8:35:00 AM,LumiShort,Stop loss,($580.00),$2780.00,$0.00,$0.00,$0.00,$0.00,$0.00,$580.00,$150.00,$730.00,12,
11,NQ DEC25,Backtest,LumiTradersLiquiditySweep,Long,1,21864.00,21857.50,1/16/2025 4:45:00 PM,1/16/2025 4:50:00 PM,LumiLong,Sell,($130.00),$2650.00,$0.00,$0.00,$0.00,$0.00,$0.00,$215.00,$40.00,$170.00,2,
12,NQ DEC25,Backtest,LumiTradersLiquiditySweep,Long,1,21998.25,22003.25,1/17/2025 7:25:00 AM,1/17/2025 7:25:00 AM,LumiLong,Profit target,$100.00,$2750.00,$0.00,$0.00,$0.00,$0.00,$0.00,$0.00,$100.00,$0.00,1,
13,NQ DEC25,Backtest,LumiTradersLiquiditySweep,Short,1,22379.25,22324.00,1/20/2025 10:10:00 AM,1/20/2025 10:45:00 AM,LumiShort,Profit target,$1105.00,$3855.00,$0.00,$0.00,$0.00,$0.00,$0.00,$315.00,$1105.00,$0.00,8,
14,NQ DEC25,Backtest,LumiTradersLiquiditySweep,Short,1,22382.50,22382.50,1/21/2025 3:15:00 PM,1/21/2025 3:15:00 PM,LumiShort,Stop loss,$0.00,$3855.00,$0.00,$0.00,$0.00,$0.00,$0.00,$0.00,$0.00,$0.00,1,
15,NQ DEC25,Backtest,LumiTradersLiquiditySweep,Short,1,22661.75,22661.50,1/22/2025 11:20:00 AM,1/22/2025 11:20:00 AM,LumiShort,Profit target,$5.00,$3860.00,$0.00,$0.00,$0.00,$0.00,$0.00,$0.00,$5.00,$0.00,1,
16,NQ DEC25,Backtest,LumiTradersLiquiditySweep,Long,1,22538.00,22538.00,1/23/2025 7:30:00 AM,1/23/2025 8:10:00 AM,LumiLong,Stop loss,$0.00,$3860.00,$0.00,$0.00,$0.00,$0.00,$0.00,$0.00,$530.00,$530.00,9,
17,NQ DEC25,Backtest,LumiTradersLiquiditySweep,Short,1,22664.75,22681.25,1/24/2025 8:40:00 AM,1/24/2025 9:10:00 AM,LumiShort,Stop loss,($330.00),$3530.00,$0.00,$0.00,$0.00,$0.00,$0.00,$330.00,$265.00,$595.00,7,
18,NQ DEC25,Backtest,LumiTradersLiquiditySweep,Short,1,22181.50,22205.25,1/28/2025 2:20:00 PM,1/28/2025 2:20:00 PM,LumiShort,Stop loss,($475.00),$3055.00,$0.00,$0.00,$0.00,$0.00,$0.00,$475.00,$0.00,$475.00,1,
19,NQ DEC25,Backtest,LumiTradersLiquiditySweep,Short,1,22304.50,22304.50,1/30/2025 9:20:00 AM,1/30/2025 9:30:00 AM,LumiShort,Stop loss,$0.00,$3055.00,$0.00,$0.00,$0.00,$0.00,$0.00,$35.00,$765.00,$765.00,3,
20,NQ DEC25,Backtest,LumiTradersLiquiditySweep,Short,1,22022.00,22062.50,2/3/2025 12:45:00 PM,2/3/2025 12:55:00 PM,LumiShort,Stop loss,($810.00),$2245.00,$0.00,$0.00,$0.00,$0.00,$0.00,$810.00,$390.00,$1200.00,3,
21,NQ DEC25,Backtest,LumiTradersLiquiditySweep,Short,1,22103.25,22103.25,2/4/2025 9:15:00 AM,2/4/2025 9:15:00 AM,LumiShort,Stop loss,$0.00,$2245.00,$0.00,$0.00,$0.00,$0.00,$0.00,$0.00,$0.00,$0.00,1,
22,NQ DEC25,Backtest,LumiTradersLiquiditySweep,Short,1,22155.00,22155.00,2/5/2025 7:35:00 AM,2/5/2025 7:45:00 AM,LumiShort,Stop loss,$0.00,$2245.00,$0.00,$0.00,$0.00,$0.00,$0.00,$10.00,$235.00,$235.00,3,
23,NQ DEC25,Backtest,LumiTradersLiquiditySweep,Short,1,22427.75,22470.25,2/6/2025 11:00:00 AM,2/6/2025 11:20:00 AM,LumiShort,Stop loss,($850.00),$1395.00,$0.00,$0.00,$0.00,$0.00,$0.00,$850.00,$320.00,$1170.00,5,
24,NQ DEC25,Backtest,LumiTradersLiquiditySweep,Short,1,22517.75,22514.00,2/7/2025 7:40:00 AM,2/7/2025 8:10:00 AM,LumiShort,Profit target,$75.00,$1470.00,$0.00,$0.00,$0.00,$0.00,$0.00,$185.00,$75.00,$0.00,7,
25,NQ DEC25,Backtest,LumiTradersLiquiditySweep,Short,1,22486.25,22529.25,2/10/2025 12:20:00 PM,2/10/2025 1:25:00 PM,LumiShort,Stop loss,($860.00),$610.00,$0.00,$0.00,$0.00,$0.00,$0.00,$860.00,$260.00,$1120.00,14,
26,NQ DEC25,Backtest,LumiTradersLiquiditySweep,Short,1,22466.00,22474.25,2/11/2025 7:05:00 PM,2/11/2025 7:05:00 PM,LumiShort,Stop loss,($165.00),$445.00,$0.00,$0.00,$0.00,$0.00,$0.00,$165.00,$0.00,$165.00,1,
27,NQ DEC25,Backtest,LumiTradersLiquiditySweep,Short,1,22436.00,22467.75,2/12/2025 1:55:00 PM,2/12/2025 2:45:00 PM,LumiShort,Stop loss,($635.00),($190.00),$0.00,$0.00,$0.00,$0.00,$0.00,$635.00,$450.00,$1085.00,11,
28,NQ DEC25,Backtest,LumiTradersLiquiditySweep,Short,1,22628.25,22608.50,2/13/2025 12:30:00 PM,2/13/2025 12:35:00 PM,LumiShort,Profit target,$395.00,$205.00,$0.00,$0.00,$0.00,$0.00,$0.00,$95.00,$395.00,$0.00,2,
29,NQ DEC25,Backtest,LumiTradersLiquiditySweep,Short,1,22777.00,22794.25,2/14/2025 9:55:00 AM,2/14/2025 9:55:00 AM,LumiShort,Stop loss,($345.00),($140.00),$0.00,$0.00,$0.00,$0.00,$0.00,$345.00,$0.00,$345.00,1,
30,NQ DEC25,Backtest,LumiTradersLiquiditySweep,Long,1,22898.25,22890.75,2/17/2025 11:20:00 AM,2/17/2025 1:00:00 PM,LumiLong,Exit on session close,($150.00),($290.00),$0.00,$0.00,$0.00,$0.00,$0.00,$405.00,$180.00,$330.00,21,
31,NQ DEC25,Backtest,LumiTradersLiquiditySweep,Short,1,22943.50,22947.50,2/18/2025 7:30:00 AM,2/18/2025 7:30:00 AM,LumiShort,Stop loss,($80.00),($370.00),$0.00,$0.00,$0.00,$0.00,$0.00,$80.00,$0.00,$80.00,1,
32,NQ DEC25,Backtest,LumiTradersLiquiditySweep,Short,1,22901.25,22901.25,2/19/2025 7:30:00 AM,2/19/2025 7:50:00 AM,LumiShort,Stop loss,$0.00,($370.00),$0.00,$0.00,$0.00,$0.00,$0.00,$50.00,$245.00,$245.00,5,
33,NQ DEC25,Backtest,LumiTradersLiquiditySweep,Long,1,22843.25,22843.25,2/20/2025 7:35:00 AM,2/20/2025 8:30:00 AM,LumiLong,Stop loss,$0.00,($370.00),$0.00,$0.00,$0.00,$0.00,$0.00,$40.00,$500.00,$500.00,12,
34,NQ DEC25,Backtest,LumiTradersLiquiditySweep,Short,1,22877.75,22855.00,2/21/2025 9:15:00 AM,2/21/2025 9:30:00 AM,LumiShort,Profit target,$455.00,$85.00,$0.00,$0.00,$0.00,$0.00,$0.00,$205.00,$455.00,$0.00,4,
35,NQ DEC25,Backtest,LumiTradersLiquiditySweep,Short,1,22423.00,22400.00,2/24/2025 9:30:00 AM,2/24/2025 9:30:00 AM,LumiShort,Profit target,$460.00,$545.00,$0.00,$0.00,$0.00,$0.00,$0.00,$0.00,$460.00,$0.00,1,
36,NQ DEC25,Backtest,LumiTradersLiquiditySweep,Long,1,21868.25,21868.25,2/25/2025 2:00:00 PM,2/25/2025 2:00:00 PM,LumiLong,Stop loss,$0.00,$545.00,$0.00,$0.00,$0.00,$0.00,$0.00,$0.00,$0.00,$0.00,1,
37,NQ DEC25,Backtest,LumiTradersLiquiditySweep,Short,1,21942.50,21928.75,2/26/2025 8:55:00 AM,2/26/2025 8:55:00 AM,LumiShort,Profit target,$275.00,$820.00,$0.00,$0.00,$0.00,$0.00,$0.00,$0.00,$275.00,$0.00,1,
38,NQ DEC25,Backtest,LumiTradersLiquiditySweep,Long,1,21759.25,21739.25,2/27/2025 1:45:00 PM,2/27/2025 1:45:00 PM,LumiLong,Stop loss,($400.00),$420.00,$0.00,$0.00,$0.00,$0.00,$0.00,$400.00,$0.00,$400.00,1,
39,NQ DEC25,Backtest,LumiTradersLiquiditySweep,Long,1,21284.50,21249.75,2/28/2025 7:35:00 AM,2/28/2025 7:40:00 AM,LumiLong,Stop loss,($695.00),($275.00),$0.00,$0.00,$0.00,$0.00,$0.00,$695.00,$15.00,$710.00,2,
40,NQ DEC25,Backtest,LumiTradersLiquiditySweep,Short,1,21709.00,21736.75,3/3/2025 8:20:00 AM,3/3/2025 9:05:00 AM,LumiShort,Stop loss,($555.00),($830.00),$0.00,$0.00,$0.00,$0.00,$0.00,$555.00,$385.00,$940.00,10,
41,NQ DEC25,Backtest,LumiTradersLiquiditySweep,Long,1,21076.25,21034.25,3/5/2025 9:30:00 AM,3/5/2025 9:40:00 AM,LumiLong,Stop loss,($840.00),($1670.00),$0.00,$0.00,$0.00,$0.00,$0.00,$840.00,$600.00,$1440.00,3,
42,NQ DEC25,Backtest,LumiTradersLiquiditySweep,Long,1,21010.00,21003.75,3/6/2025 11:45:00 AM,3/6/2025 11:45:00 AM,LumiLong,Stop loss,($125.00),($1795.00),$0.00,$0.00,$0.00,$0.00,$0.00,$125.00,$0.00,$125.00,1,
43,NQ DEC25,Backtest,LumiTradersLiquiditySweep,Long,1,20714.75,20714.75,3/7/2025 9:20:00 AM,3/7/2025 9:20:00 AM,LumiLong,Stop loss,$0.00,($1795.00),$0.00,$0.00,$0.00,$0.00,$0.00,$0.00,$0.00,$0.00,1,
44,NQ DEC25,Backtest,LumiTradersLiquiditySweep,Long,1,20305.25,20305.25,3/10/2025 11:55:00 AM,3/10/2025 11:55:00 AM,LumiLong,Stop loss,$0.00,($1795.00),$0.00,$0.00,$0.00,$0.00,$0.00,$0.00,$0.00,$0.00,1,
45,NQ DEC25,Backtest,LumiTradersLiquiditySweep,Long,1,20100.75,20103.50,3/11/2025 7:30:00 PM,3/11/2025 7:35:00 PM,LumiLong,Sell,$55.00,($1740.00),$0.00,$0.00,$0.00,$0.00,$0.00,$265.00,$55.00,$0.00,2,
46,NQ DEC25,Backtest,LumiTradersLiquiditySweep,Short,1,20253.25,20253.25,3/12/2025 8:25:00 AM,3/12/2025 8:25:00 AM,LumiShort,Stop loss,$0.00,($1740.00),$0.00,$0.00,$0.00,$0.00,$0.00,$0.00,$0.00,$0.00,1,
47,NQ DEC25,Backtest,LumiTradersLiquiditySweep,Long,1,19977.25,20034.75,3/13/2025 2:40:00 PM,3/13/2025 3:05:00 PM,LumiLong,Profit target,$1150.00,($590.00),$0.00,$0.00,$0.00,$0.00,$0.00,$175.00,$1150.00,$0.00,6,
48,NQ DEC25,Backtest,LumiTradersLiquiditySweep,Short,1,20133.75,20148.75,3/14/2025 9:30:00 AM,3/14/2025 9:35:00 AM,LumiShort,Stop loss,($300.00),($890.00),$0.00,$0.00,$0.00,$0.00,$0.00,$300.00,$420.00,$720.00,2,
49,NQ DEC25,Backtest,LumiTradersLiquiditySweep,Short,1,20372.00,20372.00,3/17/2025 7:25:00 AM,3/17/2025 7:25:00 AM,LumiShort,Stop loss,$0.00,($890.00),$0.00,$0.00,$0.00,$0.00,$0.00,$0.00,$0.00,$0.00,1,
50,NQ DEC25,Backtest,LumiTradersLiquiditySweep,Long,1,20149.50,20149.50,3/18/2025 12:25:00 PM,3/18/2025 12:45:00 PM,LumiLong,Stop loss,$0.00,($890.00),$0.00,$0.00,$0.00,$0.00,$0.00,$15.00,$1120.00,$1120.00,5,
51,NQ DEC25,Backtest,LumiTradersLiquiditySweep,Short,1,20379.50,20381.25,3/19/2025 2:40:00 PM,3/19/2025 2:40:00 PM,LumiShort,Stop loss,($35.00),($925.00),$0.00,$0.00,$0.00,$0.00,$0.00,$35.00,$0.00,$35.00,1,
52,NQ DEC25,Backtest,LumiTradersLiquiditySweep,Short,1,20477.50,20498.00,3/20/2025 11:50:00 AM,3/20/2025 11:50:00 AM,LumiShort,Stop loss,($410.00),($1335.00),$0.00,$0.00,$0.00,$0.00,$0.00,$410.00,$0.00,$410.00,1,
53,NQ DEC25,Backtest,LumiTradersLiquiditySweep,Long,1,20166.00,20166.00,3/21/2025 10:45:00 AM,3/21/2025 10:45:00 AM,LumiLong,Stop loss,$0.00,($1335.00),$0.00,$0.00,$0.00,$0.00,$0.00,$0.00,$0.00,$0.00,1,
54,NQ DEC25,Backtest,LumiTradersLiquiditySweep,Short,1,20807.00,20807.00,3/24/2025 12:05:00 PM,3/24/2025 12:05:00 PM,LumiShort,Stop loss,$0.00,($1335.00),$0.00,$0.00,$0.00,$0.00,$0.00,$0.00,$0.00,$0.00,1,
55,NQ DEC25,Backtest,LumiTradersLiquiditySweep,Short,1,20829.25,20838.25,3/25/2025 7:25:00 AM,3/25/2025 7:30:00 AM,LumiShort,Stop loss,($180.00),($1515.00),$0.00,$0.00,$0.00,$0.00,$0.00,$180.00,$15.00,$195.00,2,
56,NQ DEC25,Backtest,LumiTradersLiquiditySweep,Short,1,20914.75,20932.00,3/26/2025 8:35:00 AM,3/26/2025 8:50:00 AM,LumiShort,Stop loss,($345.00),($1860.00),$0.00,$0.00,$0.00,$0.00,$0.00,$345.00,$255.00,$600.00,4,
57,NQ DEC25,Backtest,LumiTradersLiquiditySweep,Long,1,20522.25,20509.50,3/27/2025 8:10:00 AM,3/27/2025 8:10:00 AM,LumiLong,Stop loss,($255.00),($2115.00),$0.00,$0.00,$0.00,$0.00,$0.00,$255.00,$0.00,$255.00,1,
58,NQ DEC25,Backtest,LumiTradersLiquiditySweep,Long,1,19908.00,19952.25,3/28/2025 1:50:00 PM,3/28/2025 2:15:00 PM,LumiLong,Profit target,$885.00,($1230.00),$0.00,$0.00,$0.00,$0.00,$0.00,$160.00,$885.00,$0.00,6,
59,NQ DEC25,Backtest,LumiTradersLiquiditySweep,Long,1,19664.25,19617.00,3/31/2025 9:00:00 AM,3/31/2025 9:30:00 AM,LumiLong,Stop loss,($945.00),($2175.00),$0.00,$0.00,$0.00,$0.00,$0.00,$945.00,$490.00,$1435.00,7,
60,NQ DEC25,Backtest,LumiTradersLiquiditySweep,Short,1,20109.75,20106.25,4/1/2025 6:45:00 PM,4/1/2025 6:50:00 PM,LumiShort,Buy to cover,$70.00,($2105.00),$0.00,$0.00,$0.00,$0.00,$0.00,$140.00,$115.00,$45.00,2,
61,NQ DEC25,Backtest,LumiTradersLiquiditySweep,Long,1,19930.00,19900.25,4/2/2025 7:25:00 AM,4/2/2025 7:40:00 AM,LumiLong,Stop loss,($595.00),($2700.00),$0.00,$0.00,$0.00,$0.00,$0.00,$595.00,$5.00,$600.00,4,
62,NQ DEC25,Backtest,LumiTradersLiquiditySweep,Long,1,19334.75,19331.50,4/3/2025 12:15:00 PM,4/3/2025 12:15:00 PM,LumiLong,Stop loss,($65.00),($2765.00),$0.00,$0.00,$0.00,$0.00,$0.00,$65.00,$0.00,$65.00,1,
63,NQ DEC25,Backtest,LumiTradersLiquiditySweep,Long,1,18497.25,18666.25,4/4/2025 8:15:00 AM,4/4/2025 8:35:00 AM,LumiLong,Profit target,$3380.00,$615.00,$0.00,$0.00,$0.00,$0.00,$0.00,$310.00,$3380.00,$0.00,5,
64,NQ DEC25,Backtest,LumiTradersLiquiditySweep,Short,1,18276.50,18176.50,4/7/2025 9:00:00 PM,4/7/2025 9:00:00 PM,LumiShort,Profit target,$2000.00,$2615.00,$0.00,$0.00,$0.00,$0.00,$0.00,$0.00,$2000.00,$0.00,1,
65,NQ DEC25,Backtest,LumiTradersLiquiditySweep,Long,1,17432.50,17486.75,4/8/2025 9:50:00 PM,4/8/2025 9:50:00 PM,LumiLong,Profit target,$1085.00,$3700.00,$0.00,$0.00,$0.00,$0.00,$0.00,$0.00,$1085.00,$0.00,1,
66,NQ DEC25,Backtest,LumiTradersLiquiditySweep,Long,1,17450.00,17450.00,4/9/2025 7:40:00 AM,4/9/2025 7:40:00 AM,LumiLong,Stop loss,$0.00,$3700.00,$0.00,$0.00,$0.00,$0.00,$0.00,$0.00,$0.00,$0.00,1,
67,NQ DEC25,Backtest,LumiTradersLiquiditySweep,Short,1,19269.75,19261.50,4/11/2025 3:45:00 PM,4/11/2025 4:05:00 PM,LumiShort,Buy to cover,$165.00,$3865.00,$0.00,$0.00,$0.00,$0.00,$0.00,$805.00,$560.00,$395.00,5,
68,NQ DEC25,Backtest,LumiTradersLiquiditySweep,Short,1,19548.25,19548.25,4/14/2025 10:00:00 AM,4/14/2025 10:05:00 AM,LumiShort,Stop loss,$0.00,$3865.00,$0.00,$0.00,$0.00,$0.00,$0.00,$95.00,$1110.00,$1110.00,2,
69,NQ DEC25,Backtest,LumiTradersLiquiditySweep,Short,1,19458.00,19494.25,4/15/2025 11:55:00 AM,4/15/2025 11:55:00 AM,LumiShort,Stop loss,($725.00),$3140.00,$0.00,$0.00,$0.00,$0.00,$0.00,$725.00,$0.00,$725.00,1,
70,NQ DEC25,Backtest,LumiTradersLiquiditySweep,Long,1,19127.50,19127.50,4/16/2025 7:25:00 AM,4/16/2025 8:40:00 AM,LumiLong,Stop loss,$0.00,$3140.00,$0.00,$0.00,$0.00,$0.00,$0.00,$115.00,$970.00,$970.00,16,
71,NQ DEC25,Backtest,LumiTradersLiquiditySweep,Long,1,18948.25,19061.25,4/17/2025 7:45:00 AM,4/17/2025 8:05:00 AM,LumiLong,Profit target,$2260.00,$5400.00,$0.00,$0.00,$0.00,$0.00,$0.00,$75.00,$2260.00,$0.00,5,
72,NQ DEC25,Backtest,LumiTradersLiquiditySweep,Long,1,18581.25,18608.25,4/21/2025 9:35:00 AM,4/21/2025 9:35:00 AM,LumiLong,Profit target,$540.00,$5940.00,$0.00,$0.00,$0.00,$0.00,$0.00,$0.00,$540.00,$0.00,1,
73,NQ DEC25,Backtest,LumiTradersLiquiditySweep,Short,1,18776.00,18776.00,4/22/2025 12:00:00 PM,4/22/2025 12:00:00 PM,LumiShort,Stop loss,$0.00,$5940.00,$0.00,$0.00,$0.00,$0.00,$0.00,$0.00,$0.00,$0.00,1,
74,NQ DEC25,Backtest,LumiTradersLiquiditySweep,Short,1,19380.00,19319.75,4/23/2025 7:25:00 AM,4/23/2025 8:00:00 AM,LumiShort,Profit target,$1205.00,$7145.00,$0.00,$0.00,$0.00,$0.00,$0.00,$75.00,$1205.00,$0.00,8,
75,NQ DEC25,Backtest,LumiTradersLiquiditySweep,Short,1,19598.50,19637.25,4/24/2025 12:15:00 PM,4/24/2025 12:15:00 PM,LumiShort,Stop loss,($775.00),$6370.00,$0.00,$0.00,$0.00,$0.00,$0.00,$775.00,$0.00,$775.00,1,
76,NQ DEC25,Backtest,LumiTradersLiquiditySweep,Short,1,20007.50,20005.25,4/25/2025 4:20:00 PM,4/25/2025 4:25:00 PM,LumiShort,Buy to cover,$45.00,$6415.00,$0.00,$0.00,$0.00,$0.00,$0.00,$110.00,$65.00,$20.00,2,
77,NQ DEC25,Backtest,LumiTradersLiquiditySweep,Short,1,20026.25,20034.50,4/29/2025 11:00:00 AM,4/29/2025 11:00:00 AM,LumiShort,Stop loss,($165.00),$6250.00,$0.00,$0.00,$0.00,$0.00,$0.00,$165.00,$0.00,$165.00,1,
78,NQ DEC25,Backtest,LumiTradersLiquiditySweep,Long,1,19885.25,19857.75,4/30/2025 1:10:00 PM,4/30/2025 1:10:00 PM,LumiLong,Stop loss,($550.00),$5700.00,$0.00,$0.00,$0.00,$0.00,$0.00,$550.00,$0.00,$550.00,1,
79,NQ DEC25,Backtest,LumiTradersLiquiditySweep,Short,1,20445.75,20445.75,5/1/2025 1:45:00 PM,5/1/2025 2:05:00 PM,LumiShort,Stop loss,$0.00,$5700.00,$0.00,$0.00,$0.00,$0.00,$0.00,$5.00,$1040.00,$1040.00,5,
80,NQ DEC25,Backtest,LumiTradersLiquiditySweep,Short,1,20683.25,20709.75,5/2/2025 12:30:00 PM,5/2/2025 12:40:00 PM,LumiShort,Stop loss,($530.00),$5170.00,$0.00,$0.00,$0.00,$0.00,$0.00,$530.00,$235.00,$765.00,3,
81,NQ DEC25,Backtest,LumiTradersLiquiditySweep,Long,1,20449.00,20449.00,5/5/2025 8:35:00 AM,5/5/2025 9:45:00 AM,LumiLong,Stop loss,$0.00,$5170.00,$0.00,$0.00,$0.00,$0.00,$0.00,$380.00,$1125.00,$1125.00,15,
82,NQ DEC25,Backtest,LumiTradersLiquiditySweep,Short,1,20476.75,20485.75,5/6/2025 8:20:00 PM,5/6/2025 8:25:00 PM,LumiShort,Buy to cover,($180.00),$4990.00,$0.00,$0.00,$0.00,$0.00,$0.00,$190.00,$135.00,$315.00,2,
83,NQ DEC25,Backtest,LumiTradersLiquiditySweep,Short,1,20447.00,20409.75,5/7/2025 7:45:00 AM,5/7/2025 8:10:00 AM,LumiShort,Profit target,$745.00,$5735.00,$0.00,$0.00,$0.00,$0.00,$0.00,$180.00,$745.00,$0.00,6,
84,NQ DEC25,Backtest,LumiTradersLiquiditySweep,Short,1,20734.50,20700.50,5/8/2025 1:50:00 PM,5/8/2025 2:00:00 PM,LumiShort,Profit target,$680.00,$6415.00,$0.00,$0.00,$0.00,$0.00,$0.00,$215.00,$680.00,$0.00,3,
85,NQ DEC25,Backtest,LumiTradersLiquiditySweep,Short,1,20660.25,20696.75,5/9/2025 8:00:00 AM,5/9/2025 8:45:00 AM,LumiShort,Stop loss,($730.00),$5685.00,$0.00,$0.00,$0.00,$0.00,$0.00,$730.00,$265.00,$995.00,10,
86,NQ DEC25,Backtest,LumiTradersLiquiditySweep,Short,1,21399.25,21399.25,5/12/2025 4:25:00 PM,5/12/2025 4:30:00 PM,LumiShort,Buy to cover,$0.00,$5685.00,$0.00,$0.00,$0.00,$0.00,$0.00,$60.00,$145.00,$145.00,2,
87,NQ DEC25,Backtest,LumiTradersLiquiditySweep,Short,1,21743.25,21780.25,5/13/2025 2:15:00 PM,5/13/2025 3:00:00 PM,LumiShort,Stop loss,($740.00),$4945.00,$0.00,$0.00,$0.00,$0.00,$0.00,$740.00,$245.00,$985.00,10,
88,NQ DEC25,Backtest,LumiTradersLiquiditySweep,Short,1,21776.75,21791.00,5/14/2025 9:00:00 AM,5/14/2025 9:15:00 AM,LumiShort,Stop loss,($285.00),$4660.00,$0.00,$0.00,$0.00,$0.00,$0.00,$285.00,$245.00,$530.00,4,
89,NQ DEC25,Backtest,LumiTradersLiquiditySweep,Short,1,21850.50,21800.75,5/15/2025 3:00:00 PM,5/15/2025 3:30:00 PM,LumiShort,Profit target,$995.00,$5655.00,$0.00,$0.00,$0.00,$0.00,$0.00,$495.00,$995.00,$0.00,7,
90,NQ DEC25,Backtest,LumiTradersLiquiditySweep,Short,1,21917.75,21927.75,5/16/2025 7:50:00 AM,5/16/2025 7:50:00 AM,LumiShort,Stop loss,($200.00),$5455.00,$0.00,$0.00,$0.00,$0.00,$0.00,$200.00,$0.00,$200.00,1,
91,NQ DEC25,Backtest,LumiTradersLiquiditySweep,Short,1,21886.00,21886.00,5/19/2025 12:05:00 PM,5/19/2025 12:05:00 PM,LumiShort,Stop loss,$0.00,$5455.00,$0.00,$0.00,$0.00,$0.00,$0.00,$0.00,$0.00,$0.00,1,
92,NQ DEC25,Backtest,LumiTradersLiquiditySweep,Short,1,21913.75,21881.25,5/20/2025 8:10:00 AM,5/20/2025 8:40:00 AM,LumiShort,Profit target,$650.00,$6105.00,$0.00,$0.00,$0.00,$0.00,$0.00,$250.00,$650.00,$0.00,7,
93,NQ DEC25,Backtest,LumiTradersLiquiditySweep,Long,1,21641.75,21616.25,5/21/2025 3:55:00 PM,5/21/2025 3:55:00 PM,LumiLong,Stop loss,($510.00),$5595.00,$0.00,$0.00,$0.00,$0.00,$0.00,$510.00,$0.00,$510.00,1,
94,NQ DEC25,Backtest,LumiTradersLiquiditySweep,Long,1,21657.00,21614.25,5/22/2025 9:15:00 AM,5/22/2025 9:35:00 AM,LumiLong,Stop loss,($855.00),$4740.00,$0.00,$0.00,$0.00,$0.00,$0.00,$855.00,$180.00,$1035.00,5,
95,NQ DEC25,Backtest,LumiTradersLiquiditySweep,Long,1,21247.25,21315.50,5/23/2025 9:25:00 AM,5/23/2025 9:35:00 AM,LumiLong,Profit target,$1365.00,$6105.00,$0.00,$0.00,$0.00,$0.00,$0.00,$495.00,$1365.00,$0.00,3,
96,NQ DEC25,Backtest,LumiTradersLiquiditySweep,Short,1,21718.25,21732.75,5/26/2025 7:35:00 AM,5/26/2025 8:10:00 AM,LumiShort,Stop loss,($290.00),$5815.00,$0.00,$0.00,$0.00,$0.00,$0.00,$290.00,$90.00,$380.00,8,
97,NQ DEC25,Backtest,LumiTradersLiquiditySweep,Short,1,21913.75,21877.25,5/27/2025 2:35:00 PM,5/27/2025 3:35:00 PM,LumiShort,Profit target,$730.00,$6545.00,$0.00,$0.00,$0.00,$0.00,$0.00,$125.00,$730.00,$0.00,13,
98,NQ DEC25,Backtest,LumiTradersLiquiditySweep,Short,1,21979.75,21979.75,5/28/2025 8:45:00 AM,5/28/2025 8:45:00 AM,LumiShort,Stop loss,$0.00,$6545.00,$0.00,$0.00,$0.00,$0.00,$0.00,$0.00,$0.00,$0.00,1,
99,NQ DEC25,Backtest,LumiTradersLiquiditySweep,Long,1,21822.00,21863.00,5/29/2025 3:35:00 PM,5/29/2025 4:05:00 PM,LumiLong,Sell,$820.00,$7365.00,$0.00,$0.00,$0.00,$0.00,$0.00,$5.00,$1545.00,$725.00,7,
100,NQ DEC25,Backtest,LumiTradersLiquiditySweep,Long,1,21822.00,21819.50,5/30/2025 4:25:00 PM,5/30/2025 4:30:00 PM,LumiLong,Sell,($50.00),$7315.00,$0.00,$0.00,$0.00,$0.00,$0.00,$110.00,$270.00,$320.00,2,
101,NQ DEC25,Backtest,LumiTradersLiquiditySweep,Short,1,21825.00,21867.50,6/2/2025 10:55:00 AM,6/2/2025 11:05:00 AM,LumiShort,Stop loss,($850.00),$6465.00,$0.00,$0.00,$0.00,$0.00,$0.00,$850.00,$315.00,$1165.00,3,
102,NQ DEC25,Backtest,LumiTradersLiquiditySweep,Short,1,22144.50,22139.75,6/3/2025 4:55:00 PM,6/3/2025 5:00:00 PM,LumiShort,Buy to cover,$95.00,$6560.00,$0.00,$0.00,$0.00,$0.00,$0.00,$15.00,$140.00,$45.00,2,
103,NQ DEC25,Backtest,LumiTradersLiquiditySweep,Short,1,22185.25,22217.00,6/4/2025 12:50:00 PM,6/4/2025 1:05:00 PM,LumiShort,Stop loss,($635.00),$5925.00,$0.00,$0.00,$0.00,$0.00,$0.00,$635.00,$35.00,$670.00,4,
104,NQ DEC25,Backtest,LumiTradersLiquiditySweep,Long,1,22023.25,22029.25,6/5/2025 9:10:00 PM,6/5/2025 9:15:00 PM,LumiLong,Sell,$120.00,$6045.00,$0.00,$0.00,$0.00,$0.00,$0.00,$165.00,$150.00,$30.00,2,
105,NQ DEC25,Backtest,LumiTradersLiquiditySweep,Long,1,22128.75,22151.50,6/6/2025 7:45:00 AM,6/6/2025 8:35:00 AM,LumiLong,Profit target,$455.00,$6500.00,$0.00,$0.00,$0.00,$0.00,$0.00,$290.00,$455.00,$0.00,11,
106,NQ DEC25,Backtest,LumiTradersLiquiditySweep,Short,1,22256.50,22256.50,6/9/2025 9:15:00 AM,6/9/2025 9:15:00 AM,LumiShort,Stop loss,$0.00,$6500.00,$0.00,$0.00,$0.00,$0.00,$0.00,$0.00,$0.00,$0.00,1,
107,NQ DEC25,Backtest,LumiTradersLiquiditySweep,Long,1,22287.00,22287.00,6/10/2025 7:50:00 AM,6/10/2025 9:45:00 AM,LumiLong,Stop loss,$0.00,$6500.00,$0.00,$0.00,$0.00,$0.00,$0.00,$340.00,$980.00,$980.00,24,
108,NQ DEC25,Backtest,LumiTradersLiquiditySweep,Short,1,22442.00,22450.75,6/11/2025 10:10:00 AM,6/11/2025 10:10:00 AM,LumiShort,Stop loss,($175.00),$6325.00,$0.00,$0.00,$0.00,$0.00,$0.00,$175.00,$0.00,$175.00,1,
109,NQ DEC25,Backtest,LumiTradersLiquiditySweep,Short,1,22363.75,22396.50,6/12/2025 11:40:00 AM,6/12/2025 12:05:00 PM,LumiShort,Stop loss,($655.00),$5670.00,$0.00,$0.00,$0.00,$0.00,$0.00,$655.00,$370.00,$1025.00,6,
110,NQ DEC25,Backtest,LumiTradersLiquiditySweep,Short,1,22279.25,22279.25,6/13/2025 1:05:00 PM,6/13/2025 1:05:00 PM,LumiShort,Stop loss,$0.00,$5670.00,$0.00,$0.00,$0.00,$0.00,$0.00,$0.00,$0.00,$0.00,1,
111,NQ DEC25,Backtest,LumiTradersLiquiditySweep,Short,1,22436.50,22382.75,6/16/2025 11:55:00 AM,6/16/2025 12:50:00 PM,LumiShort,Profit target,$1075.00,$6745.00,$0.00,$0.00,$0.00,$0.00,$0.00,$25.00,$1075.00,$0.00,12,
112,NQ DEC25,Backtest,LumiTradersLiquiditySweep,Short,1,22310.25,22310.25,6/17/2025 8:05:00 AM,6/17/2025 8:05:00 AM,LumiShort,Stop loss,$0.00,$6745.00,$0.00,$0.00,$0.00,$0.00,$0.00,$0.00,$0.00,$0.00,1,
113,NQ DEC25,Backtest,LumiTradersLiquiditySweep,Short,1,22265.50,22192.25,6/18/2025 12:35:00 PM,6/18/2025 1:35:00 PM,LumiShort,Profit target,$1465.00,$8210.00,$0.00,$0.00,$0.00,$0.00,$0.00,$515.00,$1465.00,$0.00,13,
114,NQ DEC25,Backtest,LumiTradersLiquiditySweep,Long,1,22008.75,21991.75,6/19/2025 9:25:00 AM,6/19/2025 9:40:00 AM,LumiLong,Stop loss,($340.00),$7870.00,$0.00,$0.00,$0.00,$0.00,$0.00,$340.00,$310.00,$650.00,4,
115,NQ DEC25,Backtest,LumiTradersLiquiditySweep,Short,1,22232.75,22219.25,6/20/2025 10:15:00 AM,6/20/2025 10:15:00 AM,LumiShort,Profit target,$270.00,$8140.00,$0.00,$0.00,$0.00,$0.00,$0.00,$0.00,$270.00,$0.00,1,
116,NQ DEC25,Backtest,LumiTradersLiquiditySweep,Short,1,22159.75,22122.50,6/23/2025 12:15:00 PM,6/23/2025 12:25:00 PM,LumiShort,Profit target,$745.00,$8885.00,$0.00,$0.00,$0.00,$0.00,$0.00,$440.00,$745.00,$0.00,3,
117,NQ DEC25,Backtest,LumiTradersLiquiditySweep,Short,1,22625.25,22645.75,6/24/2025 1:35:00 PM,6/24/2025 1:45:00 PM,LumiShort,Stop loss,($410.00),$8475.00,$0.00,$0.00,$0.00,$0.00,$0.00,$410.00,$5.00,$415.00,3,
118,NQ DEC25,Backtest,LumiTradersLiquiditySweep,Short,1,22744.00,22736.25,6/25/2025 9:30:00 AM,6/25/2025 9:30:00 AM,LumiShort,Profit target,$155.00,$8630.00,$0.00,$0.00,$0.00,$0.00,$0.00,$0.00,$155.00,$0.00,1,
119,NQ DEC25,Backtest,LumiTradersLiquiditySweep,Short,1,22812.50,22794.50,6/26/2025 8:25:00 AM,6/26/2025 8:35:00 AM,LumiShort,Profit target,$360.00,$8990.00,$0.00,$0.00,$0.00,$0.00,$0.00,$55.00,$360.00,$0.00,3,
120,NQ DEC25,Backtest,LumiTradersLiquiditySweep,Short,1,22971.75,22940.25,6/27/2025 8:50:00 AM,6/27/2025 9:35:00 AM,LumiShort,Profit target,$630.00,$9620.00,$0.00,$0.00,$0.00,$0.00,$0.00,$235.00,$630.00,$0.00,10,
121,NQ DEC25,Backtest,LumiTradersLiquiditySweep,Long,1,23067.25,23041.50,6/30/2025 10:15:00 AM,6/30/2025 11:20:00 AM,LumiLong,Stop loss,($515.00),$9105.00,$0.00,$0.00,$0.00,$0.00,$0.00,$515.00,$480.00,$995.00,14,
122,NQ DEC25,Backtest,LumiTradersLiquiditySweep,Long,1,23047.50,23025.75,7/1/2025 10:05:00 AM,7/1/2025 10:15:00 AM,LumiLong,Stop loss,($435.00),$8670.00,$0.00,$0.00,$0.00,$0.00,$0.00,$435.00,$465.00,$900.00,3,
123,NQ DEC25,Backtest,LumiTradersLiquiditySweep,Short,1,23067.00,23067.00,7/2/2025 12:15:00 PM,7/2/2025 12:15:00 PM,LumiShort,Stop loss,$0.00,$8670.00,$0.00,$0.00,$0.00,$0.00,$0.00,$0.00,$0.00,$0.00,1,
124,NQ DEC25,Backtest,LumiTradersLiquiditySweep,Short,1,23101.50,23112.50,7/3/2025 8:35:00 AM,7/3/2025 8:35:00 AM,LumiShort,Stop loss,($220.00),$8450.00,$0.00,$0.00,$0.00,$0.00,$0.00,$220.00,$0.00,$220.00,1,
125,NQ DEC25,Backtest,LumiTradersLiquiditySweep,Short,1,23203.00,23189.50,7/7/2025 8:55:00 AM,7/7/2025 9:00:00 AM,LumiShort,Profit target,$270.00,$8720.00,$0.00,$0.00,$0.00,$0.00,$0.00,$95.00,$270.00,$0.00,2,
126,NQ DEC25,Backtest,LumiTradersLiquiditySweep,Short,1,23166.00,23158.50,7/8/2025 8:10:00 AM,7/8/2025 8:40:00 AM,LumiShort,Profit target,$150.00,$8870.00,$0.00,$0.00,$0.00,$0.00,$0.00,$535.00,$150.00,$0.00,7,
127,NQ DEC25,Backtest,LumiTradersLiquiditySweep,Short,1,23186.25,23186.25,7/9/2025 7:55:00 AM,7/9/2025 8:50:00 AM,LumiShort,Stop loss,$0.00,$8870.00,$0.00,$0.00,$0.00,$0.00,$0.00,$25.00,$355.00,$355.00,12,
128,NQ DEC25,Backtest,LumiTradersLiquiditySweep,Short,1,23278.25,23295.75,7/10/2025 8:55:00 AM,7/10/2025 9:05:00 AM,LumiShort,Stop loss,($350.00),$8520.00,$0.00,$0.00,$0.00,$0.00,$0.00,$350.00,$105.00,$455.00,3,
129,NQ DEC25,Backtest,LumiTradersLiquiditySweep,Short,1,23181.25,23205.75,7/11/2025 11:30:00 AM,7/11/2025 11:40:00 AM,LumiShort,Stop loss,($490.00),$8030.00,$0.00,$0.00,$0.00,$0.00,$0.00,$490.00,$260.00,$750.00,3,
130,NQ DEC25,Backtest,LumiTradersLiquiditySweep,Short,1,23284.50,23295.75,7/14/2025 2:15:00 PM,7/14/2025 2:55:00 PM,LumiShort,Stop loss,($225.00),$7805.00,$0.00,$0.00,$0.00,$0.00,$0.00,$225.00,$190.00,$415.00,9,
131,NQ DEC25,Backtest,LumiTradersLiquiditySweep,Short,1,23398.50,23430.25,7/15/2025 8:00:00 AM,7/15/2025 8:35:00 AM,LumiShort,Stop loss,($635.00),$7170.00,$0.00,$0.00,$0.00,$0.00,$0.00,$635.00,$515.00,$1150.00,8,
132,NQ DEC25,Backtest,LumiTradersLiquiditySweep,Long,1,23243.00,23199.75,7/16/2025 10:45:00 AM,7/16/2025 11:00:00 AM,LumiLong,Stop loss,($865.00),$6305.00,$0.00,$0.00,$0.00,$0.00,$0.00,$865.00,$565.00,$1430.00,4,
133,NQ DEC25,Backtest,LumiTradersLiquiditySweep,Short,1,23488.25,23510.25,7/17/2025 12:45:00 PM,7/17/2025 2:00:00 PM,LumiShort,Stop loss,($440.00),$5865.00,$0.00,$0.00,$0.00,$0.00,$0.00,$440.00,$205.00,$645.00,16,
134,NQ DEC25,Backtest,LumiTradersLiquiditySweep,Short,1,23623.75,23608.50,7/21/2025 12:10:00 PM,7/21/2025 12:10:00 PM,LumiShort,Profit target,$305.00,$6170.00,$0.00,$0.00,$0.00,$0.00,$0.00,$0.00,$305.00,$0.00,1,
135,NQ DEC25,Backtest,LumiTradersLiquiditySweep,Long,1,23452.25,23440.75,7/22/2025 11:50:00 AM,7/22/2025 12:00:00 PM,LumiLong,Stop loss,($230.00),$5940.00,$0.00,$0.00,$0.00,$0.00,$0.00,$230.00,$405.00,$635.00,3,
136,NQ DEC25,Backtest,LumiTradersLiquiditySweep,Long,1,23444.00,23457.25,7/23/2025 11:40:00 AM,7/23/2025 11:55:00 AM,LumiLong,Profit target,$265.00,$6205.00,$0.00,$0.00,$0.00,$0.00,$0.00,$190.00,$265.00,$0.00,4,
137,NQ DEC25,Backtest,LumiTradersLiquiditySweep,Short,1,23623.50,23594.75,7/24/2025 8:05:00 AM,7/24/2025 8:40:00 AM,LumiShort,Profit target,$575.00,$6780.00,$0.00,$0.00,$0.00,$0.00,$0.00,$125.00,$575.00,$0.00,8,
138,NQ DEC25,Backtest,LumiTradersLiquiditySweep,Long,1,23597.50,23583.50,7/25/2025 9:35:00 AM,7/25/2025 9:35:00 AM,LumiLong,Stop loss,($280.00),$6500.00,$0.00,$0.00,$0.00,$0.00,$0.00,$280.00,$0.00,$280.00,1,
139,NQ DEC25,Backtest,LumiTradersLiquiditySweep,Long,1,23748.25,23719.50,7/28/2025 10:10:00 AM,7/28/2025 10:25:00 AM,LumiLong,Stop loss,($575.00),$5925.00,$0.00,$0.00,$0.00,$0.00,$0.00,$575.00,$365.00,$940.00,4,
140,NQ DEC25,Backtest,LumiTradersLiquiditySweep,Short,1,23835.75,23814.25,7/29/2025 8:30:00 AM,7/29/2025 9:00:00 AM,LumiShort,Profit target,$430.00,$6355.00,$0.00,$0.00,$0.00,$0.00,$0.00,$20.00,$430.00,$0.00,7,
141,NQ DEC25,Backtest,LumiTradersLiquiditySweep,Long,1,23721.25,23721.25,7/30/2025 8:30:00 AM,7/30/2025 9:05:00 AM,LumiLong,Stop loss,$0.00,$6355.00,$0.00,$0.00,$0.00,$0.00,$0.00,$205.00,$445.00,$445.00,8,
142,NQ DEC25,Backtest,LumiTradersLiquiditySweep,Short,1,24018.50,23970.25,7/31/2025 9:25:00 AM,7/31/2025 9:35:00 AM,LumiShort,Profit target,$965.00,$7320.00,$0.00,$0.00,$0.00,$0.00,$0.00,$45.00,$965.00,$0.00,3,
143,NQ DEC25,Backtest,LumiTradersLiquiditySweep,Short,1,23305.25,23320.00,8/4/2025 9:00:00 AM,8/4/2025 9:05:00 AM,LumiShort,Stop loss,($295.00),$7025.00,$0.00,$0.00,$0.00,$0.00,$0.00,$295.00,$0.00,$295.00,2,
144,NQ DEC25,Backtest,LumiTradersLiquiditySweep,Short,1,23616.00,23631.75,8/5/2025 7:40:00 AM,8/5/2025 7:50:00 AM,LumiShort,Stop loss,($315.00),$6710.00,$0.00,$0.00,$0.00,$0.00,$0.00,$315.00,$160.00,$475.00,3,
145,NQ DEC25,Backtest,LumiTradersLiquiditySweep,Short,1,23607.00,23610.75,8/6/2025 12:45:00 PM,8/6/2025 12:45:00 PM,LumiShort,Stop loss,($75.00),$6635.00,$0.00,$0.00,$0.00,$0.00,$0.00,$75.00,$0.00,$75.00,1,
146,NQ DEC25,Backtest,LumiTradersLiquiditySweep,Short,1,23854.50,23869.75,8/7/2025 10:00:00 AM,8/7/2025 10:00:00 AM,LumiShort,Stop loss,($305.00),$6330.00,$0.00,$0.00,$0.00,$0.00,$0.00,$305.00,$0.00,$305.00,1,
147,NQ DEC25,Backtest,LumiTradersLiquiditySweep,Short,1,23816.75,23819.00,8/8/2025 7:40:00 AM,8/8/2025 7:40:00 AM,LumiShort,Stop loss,($45.00),$6285.00,$0.00,$0.00,$0.00,$0.00,$0.00,$45.00,$0.00,$45.00,1,
148,NQ DEC25,Backtest,LumiTradersLiquiditySweep,Short,1,23958.50,23937.25,8/11/2025 8:45:00 AM,8/11/2025 9:35:00 AM,LumiShort,Profit target,$425.00,$6710.00,$0.00,$0.00,$0.00,$0.00,$0.00,$125.00,$425.00,$0.00,11,
149,NQ DEC25,Backtest,LumiTradersLiquiditySweep,Long,1,23861.25,23856.50,8/12/2025 7:50:00 AM,8/12/2025 7:50:00 AM,LumiLong,Stop loss,($95.00),$6615.00,$0.00,$0.00,$0.00,$0.00,$0.00,$95.00,$0.00,$95.00,1,
150,NQ DEC25,Backtest,LumiTradersLiquiditySweep,Short,1,24232.00,24206.50,8/13/2025 10:25:00 AM,8/13/2025 10:30:00 AM,LumiShort,Profit target,$510.00,$7125.00,$0.00,$0.00,$0.00,$0.00,$0.00,$205.00,$510.00,$0.00,2,
151,NQ DEC25,Backtest,LumiTradersLiquiditySweep,Short,1,24185.75,24135.75,8/14/2025 11:10:00 AM,8/14/2025 11:30:00 AM,LumiShort,Profit target,$1000.00,$8125.00,$0.00,$0.00,$0.00,$0.00,$0.00,$145.00,$1000.00,$0.00,5,
152,NQ DEC25,Backtest,LumiTradersLiquiditySweep,Short,1,24145.75,24129.00,8/15/2025 8:20:00 AM,8/15/2025 8:25:00 AM,LumiShort,Profit target,$335.00,$8460.00,$0.00,$0.00,$0.00,$0.00,$0.00,$60.00,$335.00,$0.00,2,
153,NQ DEC25,Backtest,LumiTradersLiquiditySweep,Long,1,24006.25,24006.25,8/18/2025 10:15:00 AM,8/18/2025 10:35:00 AM,LumiLong,Stop loss,$0.00,$8460.00,$0.00,$0.00,$0.00,$0.00,$0.00,$200.00,$1110.00,$1110.00,5,
154,NQ DEC25,Backtest,LumiTradersLiquiditySweep,Long,1,23746.00,23746.00,8/19/2025 12:45:00 PM,8/19/2025 12:45:00 PM,LumiLong,Stop loss,$0.00,$8460.00,$0.00,$0.00,$0.00,$0.00,$0.00,$0.00,$0.00,$0.00,1,
155,NQ DEC25,Backtest,LumiTradersLiquiditySweep,Long,1,23659.25,23630.00,8/20/2025 8:25:00 AM,8/20/2025 9:35:00 AM,LumiLong,Stop loss,($585.00),$7875.00,$0.00,$0.00,$0.00,$0.00,$0.00,$585.00,$290.00,$875.00,15,
156,NQ DEC25,Backtest,LumiTradersLiquiditySweep,Long,1,23470.00,23458.50,8/21/2025 8:50:00 AM,8/21/2025 8:50:00 AM,LumiLong,Stop loss,($230.00),$7645.00,$0.00,$0.00,$0.00,$0.00,$0.00,$230.00,$0.00,$230.00,1,
157,NQ DEC25,Backtest,LumiTradersLiquiditySweep,Short,1,23492.75,23465.25,8/22/2025 7:30:00 AM,8/22/2025 9:35:00 AM,LumiShort,Profit target,$550.00,$8195.00,$0.00,$0.00,$0.00,$0.00,$0.00,$395.00,$550.00,$0.00,26,
158,NQ DEC25,Backtest,LumiTradersLiquiditySweep,Short,1,23833.75,23820.25,8/25/2025 1:05:00 PM,8/25/2025 1:05:00 PM,LumiShort,Profit target,$270.00,$8465.00,$0.00,$0.00,$0.00,$0.00,$0.00,$0.00,$270.00,$0.00,1,
159,NQ DEC25,Backtest,LumiTradersLiquiditySweep,Long,1,23700.50,23750.50,8/26/2025 9:00:00 AM,8/26/2025 9:35:00 AM,LumiLong,Profit target,$1000.00,$9465.00,$0.00,$0.00,$0.00,$0.00,$0.00,$25.00,$1000.00,$0.00,8,
160,NQ DEC25,Backtest,LumiTradersLiquiditySweep,Long,1,23772.75,23857.75,8/27/2025 10:10:00 AM,8/27/2025 4:05:00 PM,LumiLong,Sell,$1700.00,$11165.00,$0.00,$0.00,$0.00,$0.00,$0.00,$110.00,$2445.00,$745.00,72,
161,NQ DEC25,Backtest,LumiTradersLiquiditySweep,Short,1,23841.25,23870.00,8/28/2025 8:25:00 AM,8/28/2025 8:35:00 AM,LumiShort,Stop loss,($575.00),$10590.00,$0.00,$0.00,$0.00,$0.00,$0.00,$575.00,$205.00,$780.00,3,
162,NQ DEC25,Backtest,LumiTradersLiquiditySweep,Long,1,23900.00,23858.50,8/29/2025 8:55:00 AM,8/29/2025 9:40:00 AM,LumiLong,Stop loss,($830.00),$9760.00,$0.00,$0.00,$0.00,$0.00,$0.00,$830.00,$155.00,$985.00,10,
163,NQ DEC25,Backtest,LumiTradersLiquiditySweep,Long,1,23722.00,23736.25,9/1/2025 10:25:00 AM,9/1/2025 11:25:00 AM,LumiLong,Profit target,$285.00,$10045.00,$0.00,$0.00,$0.00,$0.00,$0.00,$110.00,$285.00,$0.00,13,
164,NQ DEC25,Backtest,LumiTradersLiquiditySweep,Long,1,23480.25,23467.50,9/2/2025 7:30:00 AM,9/2/2025 7:35:00 AM,LumiLong,Stop loss,($255.00),$9790.00,$0.00,$0.00,$0.00,$0.00,$0.00,$255.00,$175.00,$430.00,2,
165,NQ DEC25,Backtest,LumiTradersLiquiditySweep,Short,1,23678.50,23647.00,9/3/2025 7:30:00 AM,9/3/2025 7:35:00 AM,LumiShort,Profit target,$630.00,$10420.00,$0.00,$0.00,$0.00,$0.00,$0.00,$0.00,$630.00,$0.00,2,
166,NQ DEC25,Backtest,LumiTradersLiquiditySweep,Short,1,23773.75,23778.75,9/4/2025 11:25:00 AM,9/4/2025 11:25:00 AM,LumiShort,Stop loss,($100.00),$10320.00,$0.00,$0.00,$0.00,$0.00,$0.00,$100.00,$0.00,$100.00,1,
167,NQ DEC25,Backtest,LumiTradersLiquiditySweep,Short,1,24021.25,24007.75,9/5/2025 7:55:00 AM,9/5/2025 8:00:00 AM,LumiShort,Profit target,$270.00,$10590.00,$0.00,$0.00,$0.00,$0.00,$0.00,$130.00,$270.00,$0.00,2,
168,NQ DEC25,Backtest,LumiTradersLiquiditySweep,Short,1,24099.50,24061.75,9/8/2025 12:00:00 PM,9/8/2025 12:30:00 PM,LumiShort,Profit target,$755.00,$11345.00,$0.00,$0.00,$0.00,$0.00,$0.00,$280.00,$755.00,$0.00,7,
169,NQ DEC25,Backtest,LumiTradersLiquiditySweep,Long,1,24054.75,24018.00,9/9/2025 10:25:00 AM,9/9/2025 10:35:00 AM,LumiLong,Stop loss,($735.00),$10610.00,$0.00,$0.00,$0.00,$0.00,$0.00,$735.00,$220.00,$955.00,3,
170,NQ DEC25,Backtest,LumiTradersLiquiditySweep,Short,1,24227.00,24244.75,9/10/2025 9:15:00 AM,9/10/2025 9:20:00 AM,LumiShort,Stop loss,($355.00),$10255.00,$0.00,$0.00,$0.00,$0.00,$0.00,$355.00,$70.00,$425.00,2,
171,NQ DEC25,Backtest,LumiTradersLiquiditySweep,Short,1,24184.50,24191.00,9/11/2025 8:10:00 AM,9/11/2025 8:25:00 AM,LumiShort,Stop loss,($130.00),$10125.00,$0.00,$0.00,$0.00,$0.00,$0.00,$130.00,$160.00,$290.00,4,
172,NQ DEC25,Backtest,LumiTradersLiquiditySweep,Short,1,24277.75,24269.00,9/12/2025 9:35:00 AM,9/12/2025 9:35:00 AM,LumiShort,Profit target,$175.00,$10300.00,$0.00,$0.00,$0.00,$0.00,$0.00,$0.00,$175.00,$0.00,1,
173,NQ DEC25,Backtest,LumiTradersLiquiditySweep,Short,1,24504.50,24505.75,9/15/2025 11:05:00 AM,9/15/2025 11:05:00 AM,LumiShort,Stop loss,($25.00),$10275.00,$0.00,$0.00,$0.00,$0.00,$0.00,$25.00,$0.00,$25.00,1,
174,NQ DEC25,Backtest,LumiTradersLiquiditySweep,Long,1,24506.75,24532.75,9/17/2025 7:25:00 AM,9/17/2025 9:35:00 AM,LumiLong,Profit target,$520.00,$10795.00,$0.00,$0.00,$0.00,$0.00,$0.00,$385.00,$520.00,$0.00,27,
175,NQ DEC25,Backtest,LumiTradersLiquiditySweep,Short,1,24733.25,24735.00,9/18/2025 8:00:00 AM,9/18/2025 8:00:00 AM,LumiShort,Stop loss,($35.00),$10760.00,$0.00,$0.00,$0.00,$0.00,$0.00,$35.00,$0.00,$35.00,1,
176,NQ DEC25,Backtest,LumiTradersLiquiditySweep,Short,1,24732.75,24733.75,9/19/2025 8:00:00 AM,9/19/2025 8:00:00 AM,LumiShort,Stop loss,($20.00),$10740.00,$0.00,$0.00,$0.00,$0.00,$0.00,$20.00,$0.00,$20.00,1,
177,NQ DEC25,Backtest,LumiTradersLiquiditySweep,Long,1,24774.50,24774.50,9/22/2025 7:45:00 AM,9/22/2025 8:10:00 AM,LumiLong,Stop loss,$0.00,$10740.00,$0.00,$0.00,$0.00,$0.00,$0.00,$100.00,$310.00,$310.00,6,
178,NQ DEC25,Backtest,LumiTradersLiquiditySweep,Long,1,24802.25,24818.50,9/23/2025 3:35:00 PM,9/23/2025 3:40:00 PM,LumiLong,Profit target,$325.00,$11065.00,$0.00,$0.00,$0.00,$0.00,$0.00,$15.00,$325.00,$0.00,2,
179,NQ DEC25,Backtest,LumiTradersLiquiditySweep,Long,1,24878.75,24875.25,9/24/2025 8:25:00 AM,9/24/2025 8:40:00 AM,LumiLong,Stop loss,($70.00),$10995.00,$0.00,$0.00,$0.00,$0.00,$0.00,$70.00,$120.00,$190.00,4,
180,NQ DEC25,Backtest,LumiTradersLiquiditySweep,Long,1,24544.50,24544.50,9/25/2025 9:15:00 AM,9/25/2025 9:15:00 AM,LumiLong,Stop loss,$0.00,$10995.00,$0.00,$0.00,$0.00,$0.00,$0.00,$0.00,$0.00,$0.00,1,
181,NQ DEC25,Backtest,LumiTradersLiquiditySweep,Short,1,24606.50,24629.50,9/26/2025 7:35:00 AM,9/26/2025 7:45:00 AM,LumiShort,Stop loss,($460.00),$10535.00,$0.00,$0.00,$0.00,$0.00,$0.00,$460.00,$125.00,$585.00,3,
182,NQ DEC25,Backtest,LumiTradersLiquiditySweep,Short,1,24887.50,24857.00,9/29/2025 9:20:00 AM,9/29/2025 9:30:00 AM,LumiShort,Profit target,$610.00,$11145.00,$0.00,$0.00,$0.00,$0.00,$0.00,$115.00,$610.00,$0.00,3,
183,NQ DEC25,Backtest,LumiTradersLiquiditySweep,Short,1,24857.75,24851.75,9/30/2025 4:20:00 PM,9/30/2025 4:25:00 PM,LumiShort,Buy to cover,$120.00,$11265.00,$0.00,$0.00,$0.00,$0.00,$0.00,$125.00,$145.00,$25.00,2,
184,NQ DEC25,Backtest,LumiTradersLiquiditySweep,Short,1,24983.00,24983.00,10/1/2025 2:05:00 PM,10/1/2025 2:05:00 PM,LumiShort,Stop loss,$0.00,$11265.00,$0.00,$0.00,$0.00,$0.00,$0.00,$0.00,$0.00,$0.00,1,
185,NQ DEC25,Backtest,LumiTradersLiquiditySweep,Short,1,25112.00,25099.25,10/2/2025 3:50:00 PM,10/2/2025 3:55:00 PM,LumiShort,Profit target,$255.00,$11520.00,$0.00,$0.00,$0.00,$0.00,$0.00,$100.00,$255.00,$0.00,2,
186,NQ DEC25,Backtest,LumiTradersLiquiditySweep,Long,1,25099.75,25099.75,10/3/2025 10:55:00 AM,10/3/2025 1:05:00 PM,LumiLong,Stop loss,$0.00,$11520.00,$0.00,$0.00,$0.00,$0.00,$0.00,$170.00,$1125.00,$1125.00,27,
187,NQ DEC25,Backtest,LumiTradersLiquiditySweep,Short,1,25221.00,25226.25,10/6/2025 1:55:00 PM,10/6/2025 1:55:00 PM,LumiShort,Stop loss,($105.00),$11415.00,$0.00,$0.00,$0.00,$0.00,$0.00,$105.00,$0.00,$105.00,1,
188,NQ DEC25,Backtest,LumiTradersLiquiditySweep,Short,1,25248.75,25259.25,10/7/2025 10:00:00 AM,10/7/2025 10:00:00 AM,LumiShort,Stop loss,($210.00),$11205.00,$0.00,$0.00,$0.00,$0.00,$0.00,$210.00,$0.00,$210.00,1,
189,NQ DEC25,Backtest,LumiTradersLiquiditySweep,Long,1,25084.25,25121.75,10/8/2025 9:25:00 AM,10/8/2025 9:35:00 AM,LumiLong,Profit target,$750.00,$11955.00,$0.00,$0.00,$0.00,$0.00,$0.00,$95.00,$750.00,$0.00,3,
190,NQ DEC25,Backtest,LumiTradersLiquiditySweep,Short,1,25322.25,25305.75,10/9/2025 7:50:00 AM,10/9/2025 9:35:00 AM,LumiShort,Profit target,$330.00,$12285.00,$0.00,$0.00,$0.00,$0.00,$0.00,$310.00,$330.00,$0.00,22,
191,NQ DEC25,Backtest,LumiTradersLiquiditySweep,Short,1,25311.75,25322.75,10/10/2025 9:20:00 AM,10/10/2025 9:35:00 AM,LumiShort,Stop loss,($220.00),$12065.00,$0.00,$0.00,$0.00,$0.00,$0.00,$220.00,$320.00,$540.00,4,
192,NQ DEC25,Backtest,LumiTradersLiquiditySweep,Short,1,24853.50,24853.50,10/13/2025 9:25:00 AM,10/13/2025 9:55:00 AM,LumiShort,Stop loss,$0.00,$12065.00,$0.00,$0.00,$0.00,$0.00,$0.00,$380.00,$2580.00,$2580.00,7,
193,NQ DEC25,Backtest,LumiTradersLiquiditySweep,Short,1,24910.50,24910.50,10/14/2025 2:55:00 PM,10/14/2025 2:55:00 PM,LumiShort,Stop loss,$0.00,$12065.00,$0.00,$0.00,$0.00,$0.00,$0.00,$0.00,$0.00,$0.00,1,
194,NQ DEC25,Backtest,LumiTradersLiquiditySweep,Short,1,24957.25,24954.00,10/15/2025 6:50:00 PM,10/15/2025 6:55:00 PM,LumiShort,Buy to cover,$65.00,$12130.00,$0.00,$0.00,$0.00,$0.00,$0.00,$175.00,$250.00,$185.00,2,
195,NQ DEC25,Backtest,LumiTradersLiquiditySweep,Short,1,25063.75,25035.25,10/16/2025 7:55:00 AM,10/16/2025 8:15:00 AM,LumiShort,Profit target,$570.00,$12700.00,$0.00,$0.00,$0.00,$0.00,$0.00,$205.00,$570.00,$0.00,5,
196,NQ DEC25,Backtest,LumiTradersLiquiditySweep,Short,1,25000.25,24987.75,10/17/2025 4:00:00 PM,10/17/2025 4:05:00 PM,LumiShort,Buy to cover,$250.00,$12950.00,$0.00,$0.00,$0.00,$0.00,$0.00,$180.00,$420.00,$170.00,2,
197,NQ DEC25,Backtest,LumiTradersLiquiditySweep,Short,1,25303.75,25318.00,10/20/2025 12:40:00 PM,10/20/2025 1:00:00 PM,LumiShort,Stop loss,($285.00),$12665.00,$0.00,$0.00,$0.00,$0.00,$0.00,$285.00,$260.00,$545.00,5,
198,NQ DEC25,Backtest,LumiTradersLiquiditySweep,Short,1,25275.50,25302.75,10/21/2025 11:35:00 AM,10/21/2025 11:50:00 AM,LumiShort,Stop loss,($545.00),$12120.00,$0.00,$0.00,$0.00,$0.00,$0.00,$545.00,$360.00,$905.00,4,
199,NQ DEC25,Backtest,LumiTradersLiquiditySweep,Long,1,25037.50,25034.25,10/22/2025 6:30:00 PM,10/22/2025 6:30:00 PM,LumiLong,Stop loss,($65.00),$12055.00,$0.00,$0.00,$0.00,$0.00,$0.00,$65.00,$0.00,$65.00,1,
200,NQ DEC25,Backtest,LumiTradersLiquiditySweep,Long,1,24978.50,24978.50,10/23/2025 9:20:00 AM,10/23/2025 9:20:00 AM,LumiLong,Stop loss,$0.00,$12055.00,$0.00,$0.00,$0.00,$0.00,$0.00,$0.00,$0.00,$0.00,1,
201,NQ DEC25,Backtest,LumiTradersLiquiditySweep,Short,1,25514.75,25504.25,10/24/2025 10:55:00 AM,10/24/2025 10:55:00 AM,LumiShort,Profit target,$210.00,$12265.00,$0.00,$0.00,$0.00,$0.00,$0.00,$0.00,$210.00,$0.00,1,
202,NQ DEC25,Backtest,LumiTradersLiquiditySweep,Short,1,25942.50,25942.50,10/27/2025 3:45:00 PM,10/27/2025 3:45:00 PM,LumiShort,Stop loss,$0.00,$12265.00,$0.00,$0.00,$0.00,$0.00,$0.00,$0.00,$0.00,$0.00,1,
203,NQ DEC25,Backtest,LumiTradersLiquiditySweep,Short,1,26069.25,26069.25,10/28/2025 12:10:00 PM,10/28/2025 12:10:00 PM,LumiShort,Stop loss,$0.00,$12265.00,$0.00,$0.00,$0.00,$0.00,$0.00,$0.00,$0.00,$0.00,1,
204,NQ DEC25,Backtest,LumiTradersLiquiditySweep,Short,1,26257.25,26275.75,10/29/2025 8:40:00 AM,10/29/2025 9:10:00 AM,LumiShort,Stop loss,($370.00),$11895.00,$0.00,$0.00,$0.00,$0.00,$0.00,$370.00,$265.00,$635.00,7,
205,NQ DEC25,Backtest,LumiTradersLiquiditySweep,Long,1,26009.00,26057.75,10/30/2025 1:20:00 PM,10/30/2025 1:30:00 PM,LumiLong,Profit target,$975.00,$12870.00,$0.00,$0.00,$0.00,$0.00,$0.00,$55.00,$975.00,$0.00,3,
206,NQ DEC25,Backtest,LumiTradersLiquiditySweep,Short,1,26199.25,26159.50,10/31/2025 9:35:00 AM,10/31/2025 9:35:00 AM,LumiShort,Profit target,$795.00,$13665.00,$0.00,$0.00,$0.00,$0.00,$0.00,$0.00,$795.00,$0.00,1,
207,NQ DEC25,Backtest,LumiTradersLiquiditySweep,Short,1,26152.75,26182.75,11/3/2025 7:35:00 AM,11/3/2025 9:00:00 AM,LumiShort,Stop loss,($600.00),$13065.00,$0.00,$0.00,$0.00,$0.00,$0.00,$600.00,$395.00,$995.00,18,
208,NQ DEC25,Backtest,LumiTradersLiquiditySweep,Long,1,25693.75,25690.50,11/4/2025 9:10:00 AM,11/4/2025 9:10:00 AM,LumiLong,Stop loss,($65.00),$13000.00,$0.00,$0.00,$0.00,$0.00,$0.00,$65.00,$0.00,$65.00,1,
209,NQ DEC25,Backtest,LumiTradersLiquiditySweep,Short,1,25732.00,25738.25,11/5/2025 6:40:00 PM,11/5/2025 6:45:00 PM,LumiShort,Buy to cover,($125.00),$12875.00,$0.00,$0.00,$0.00,$0.00,$0.00,$195.00,$170.00,$295.00,2,
210,NQ DEC25,Backtest,LumiTradersLiquiditySweep,Long,1,25311.50,25307.50,11/6/2025 6:30:00 PM,11/6/2025 6:35:00 PM,LumiLong,Sell,($80.00),$12795.00,$0.00,$0.00,$0.00,$0.00,$0.00,$185.00,$30.00,$110.00,2,
211,NQ DEC25,Backtest,LumiTradersLiquiditySweep,Long,1,25081.50,25081.50,11/7/2025 8:35:00 AM,11/7/2025 9:10:00 AM,LumiLong,Stop loss,$0.00,$12795.00,$0.00,$0.00,$0.00,$0.00,$0.00,$295.00,$1210.00,$1210.00,8,
212,NQ DEC25,Backtest,LumiTradersLiquiditySweep,Short,1,25531.75,25559.75,11/10/2025 9:20:00 AM,11/10/2025 9:35:00 AM,LumiShort,Stop loss,($560.00),$12235.00,$0.00,$0.00,$0.00,$0.00,$0.00,$560.00,$205.00,$765.00,4,
213,NQ DEC25,Backtest,LumiTradersLiquiditySweep,Long,1,25520.25,25513.50,11/11/2025 11:40:00 AM,11/11/2025 11:40:00 AM,LumiLong,Stop loss,($135.00),$12100.00,$0.00,$0.00,$0.00,$0.00,$0.00,$135.00,$0.00,$135.00,1,
214,NQ DEC25,Backtest,LumiTradersLiquiditySweep,Long,1,25596.25,25569.50,11/12/2025 12:50:00 PM,11/12/2025 12:50:00 PM,LumiLong,Stop loss,($535.00),$11565.00,$0.00,$0.00,$0.00,$0.00,$0.00,$535.00,$0.00,$535.00,1,
215,NQ DEC25,Backtest,LumiTradersLiquiditySweep,Long,1,25384.00,25384.00,11/13/2025 10:35:00 AM,11/13/2025 10:35:00 AM,LumiLong,Stop loss,$0.00,$11565.00,$0.00,$0.00,$0.00,$0.00,$0.00,$0.00,$0.00,$0.00,1,
216,NQ DEC25,Backtest,LumiTradersLiquiditySweep,Long,1,25166.75,25139.25,11/17/2025 7:30:00 AM,11/17/2025 7:35:00 AM,LumiLong,Stop loss,($550.00),$11015.00,$0.00,$0.00,$0.00,$0.00,$0.00,$550.00,$170.00,$720.00,2,
217,NQ DEC25,Backtest,LumiTradersLiquiditySweep,Long,1,24725.00,24724.00,11/18/2025 7:35:00 AM,11/18/2025 7:35:00 AM,LumiLong,Stop loss,($20.00),$10995.00,$0.00,$0.00,$0.00,$0.00,$0.00,$20.00,$0.00,$20.00,1,
218,NQ DEC25,Backtest,LumiTradersLiquiditySweep,Long,1,24629.25,24599.75,11/19/2025 1:25:00 PM,11/19/2025 1:30:00 PM,LumiLong,Stop loss,($590.00),$10405.00,$0.00,$0.00,$0.00,$0.00,$0.00,$590.00,$835.00,$1425.00,2,
219,NQ DEC25,Backtest,LumiTradersLiquiditySweep,Short,1,25219.50,25228.50,11/20/2025 10:25:00 AM,11/20/2025 10:25:00 AM,LumiShort,Stop loss,($180.00),$10225.00,$0.00,$0.00,$0.00,$0.00,$0.00,$180.00,$0.00,$180.00,1,
220,NQ DEC25,Backtest,LumiTradersLiquiditySweep,Short,1,24522.25,24570.75,11/24/2025 9:35:00 AM,11/24/2025 9:35:00 AM,LumiShort,Stop loss,($970.00),$9255.00,$0.00,$0.00,$0.00,$0.00,$0.00,$970.00,$0.00,$970.00,1,
221,NQ DEC25,Backtest,LumiTradersLiquiditySweep,Short,1,24934.50,24934.50,11/25/2025 7:50:00 AM,11/25/2025 7:50:00 AM,LumiShort,Stop loss,$0.00,$9255.00,$0.00,$0.00,$0.00,$0.00,$0.00,$0.00,$0.00,$0.00,1,
222,NQ DEC25,Backtest,LumiTradersLiquiditySweep,Short,1,25507.25,25515.50,12/2/2025 9:05:00 AM,12/2/2025 9:05:00 AM,LumiShort,Stop loss,($165.00),$9090.00,$0.00,$0.00,$0.00,$0.00,$0.00,$165.00,$0.00,$165.00,1,
223,NQ DEC25,Backtest,LumiTradersLiquiditySweep,Short,1,25676.50,25645.25,12/3/2025 3:50:00 PM,12/3/2025 3:55:00 PM,LumiShort,Profit target,$625.00,$9715.00,$0.00,$0.00,$0.00,$0.00,$0.00,$120.00,$625.00,$0.00,2,
224,NQ DEC25,Backtest,LumiTradersLiquiditySweep,Short,1,25692.25,25693.50,12/4/2025 10:55:00 PM,12/4/2025 10:55:00 PM,LumiShort,Stop loss,($25.00),$9690.00,$0.00,$0.00,$0.00,$0.00,$0.00,$25.00,$0.00,$25.00,1,
225,NQ DEC25,Backtest,LumiTradersLiquiditySweep,Long,1,25629.50,25720.75,12/5/2025 9:10:00 AM,12/5/2025 9:35:00 AM,LumiLong,Profit target,$1825.00,$11515.00,$0.00,$0.00,$0.00,$0.00,$0.00,$90.00,$1825.00,$0.00,6,
226,NQ DEC25,Backtest,LumiTradersLiquiditySweep,Long,1,25755.25,25733.25,12/8/2025 10:15:00 AM,12/8/2025 10:15:00 AM,LumiLong,Stop loss,($440.00),$11075.00,$0.00,$0.00,$0.00,$0.00,$0.00,$440.00,$0.00,$440.00,1,
227,NQ DEC25,Backtest,LumiTradersLiquiditySweep,Long,1,25600.75,25597.00,12/9/2025 9:30:00 AM,12/9/2025 9:30:00 AM,LumiLong,Stop loss,($75.00),$11000.00,$0.00,$0.00,$0.00,$0.00,$0.00,$75.00,$0.00,$75.00,1,
228,NQ DEC25,Backtest,LumiTradersLiquiditySweep,Short,1,25682.50,25601.25,12/10/2025 8:50:00 AM,12/10/2025 9:40:00 AM,LumiShort,Profit target,$1625.00,$12625.00,$0.00,$0.00,$0.00,$0.00,$0.00,$115.00,$1625.00,$0.00,11,
229,NQ DEC25,Backtest,LumiTradersLiquiditySweep,Short,1,25650.75,25663.25,12/11/2025 9:15:00 AM,12/11/2025 9:15:00 AM,LumiShort,Stop loss,($250.00),$12375.00,$0.00,$0.00,$0.00,$0.00,$0.00,$250.00,$0.00,$250.00,1,
230,NQ DEC25,Backtest,LumiTradersLiquiditySweep,Long,1,25554.25,25527.75,12/12/2025 9:50:00 AM,12/12/2025 9:50:00 AM,LumiLong,Stop loss,($530.00),$11845.00,$0.00,$0.00,$0.00,$0.00,$0.00,$530.00,$0.00,$530.00,1,
231,NQ DEC25,Backtest,LumiTradersLiquiditySweep,Long,1,25139.00,25139.00,12/15/2025 11:50:00 AM,12/15/2025 11:50:00 AM,LumiLong,Stop loss,$0.00,$11845.00,$0.00,$0.00,$0.00,$0.00,$0.00,$0.00,$0.00,$0.00,1,
232,NQ DEC25,Backtest,LumiTradersLiquiditySweep,Long,1,24988.25,25080.00,12/16/2025 2:25:00 PM,12/16/2025 2:45:00 PM,LumiLong,Profit target,$1835.00,$13680.00,$0.00,$0.00,$0.00,$0.00,$0.00,$55.00,$1835.00,$0.00,5,
233,NQ DEC25,Backtest,LumiTradersLiquiditySweep,Short,1,25235.25,25258.25,12/17/2025 7:35:00 AM,12/17/2025 7:50:00 AM,LumiShort,Stop loss,($460.00),$13220.00,$0.00,$0.00,$0.00,$0.00,$0.00,$460.00,$0.00,$460.00,4,
234,NQ DEC25,Backtest,LumiTradersLiquiditySweep,Long,1,24875.00,24952.75,12/18/2025 8:30:00 AM,12/18/2025 8:35:00 AM,LumiLong,Profit target,$1555.00,$14775.00,$0.00,$0.00,$0.00,$0.00,$0.00,$40.00,$1555.00,$0.00,2,
